-- 插入样例数据: dwd_sungrow.dwd_pub_ps_dev_power_station_d
INSERT INTO `dwd_sungrow.dwd_pub_ps_dev_power_station_d` (`ps_id`, `ps_name`, `ps_location`, `longitude`, `latitude`, `valid_flag`, `ps_type`, `recore_create_time`, `access_type`, `is_odm_ps`, `ps_country_name`, `ps_province_name`, `ps_city_name`, `ps_district_name`, `dev_model_id`, `dev_model_name`, `dev_type_id`, `dev_type_name`, `dev_name`, `is_virtual_unit`, `dev_create_date`, `dev_uuid`, `dev_pro_sn`, `dev_conn_sn`, `dev_conn_model`, `total_installed_power`, `dev_bu_type`, `telemetry_point_num`, `telesignal_point_num`, `property_point_num`, `total_point_num`, `ps_owner_user_account`, `ps_owner_user_name`, `country_reagion`, `version1`, `version2`, `version3`, `version4`, `version5`, `up_uuid`, `dev_status`, `dev_status_update_time`, `pt`) VALUES (1, '值1', '值1', 29.49, 601.2, 1, 820, '2025-01-23 12:22:45', 445, 503, '值1', '值1', '值1', '值1', 1, '值1', 1, '值1', '值1', 603, '2025-06-07 12:22:45', 1, '值1', '值1', '值1', 501.33, '值1', 773, 744, 504, 595, '值1', '值1', '值1', '值1', '值1', '值1', '值1', '值1', '值1', '值1', '值1', '值1');
INSERT INTO `dwd_sungrow.dwd_pub_ps_dev_power_station_d` (`ps_id`, `ps_name`, `ps_location`, `longitude`, `latitude`, `valid_flag`, `ps_type`, `recore_create_time`, `access_type`, `is_odm_ps`, `ps_country_name`, `ps_province_name`, `ps_city_name`, `ps_district_name`, `dev_model_id`, `dev_model_name`, `dev_type_id`, `dev_type_name`, `dev_name`, `is_virtual_unit`, `dev_create_date`, `dev_uuid`, `dev_pro_sn`, `dev_conn_sn`, `dev_conn_model`, `total_installed_power`, `dev_bu_type`, `telemetry_point_num`, `telesignal_point_num`, `property_point_num`, `total_point_num`, `ps_owner_user_account`, `ps_owner_user_name`, `country_reagion`, `version1`, `version2`, `version3`, `version4`, `version5`, `up_uuid`, `dev_status`, `dev_status_update_time`, `pt`) VALUES (2, '值2', '值2', 519.52, 110.92, 2, 817, '2024-12-21 12:22:45', 212, 423, '值2', '值2', '值2', '值2', 2, '值2', 2, '值2', '值2', 212, '2024-12-22 12:22:45', 2, '值2', '值2', '值2', 847.84, '值2', 839, 791, 798, 870, '值2', '值2', '值2', '值2', '值2', '值2', '值2', '值2', '值2', '值2', '值2', '值2');
INSERT INTO `dwd_sungrow.dwd_pub_ps_dev_power_station_d` (`ps_id`, `ps_name`, `ps_location`, `longitude`, `latitude`, `valid_flag`, `ps_type`, `recore_create_time`, `access_type`, `is_odm_ps`, `ps_country_name`, `ps_province_name`, `ps_city_name`, `ps_district_name`, `dev_model_id`, `dev_model_name`, `dev_type_id`, `dev_type_name`, `dev_name`, `is_virtual_unit`, `dev_create_date`, `dev_uuid`, `dev_pro_sn`, `dev_conn_sn`, `dev_conn_model`, `total_installed_power`, `dev_bu_type`, `telemetry_point_num`, `telesignal_point_num`, `property_point_num`, `total_point_num`, `ps_owner_user_account`, `ps_owner_user_name`, `country_reagion`, `version1`, `version2`, `version3`, `version4`, `version5`, `up_uuid`, `dev_status`, `dev_status_update_time`, `pt`) VALUES (3, '值3', '值3', 772.91, 687.11, 3, 569, '2024-08-17 12:22:45', 744, 704, '值3', '值3', '值3', '值3', 3, '值3', 3, '值3', '值3', 418, '2025-03-11 12:22:45', 3, '值3', '值3', '值3', 781.06, '值3', 151, 70, 857, 555, '值3', '值3', '值3', '值3', '值3', '值3', '值3', '值3', '值3', '值3', '值3', '值3');
INSERT INTO `dwd_sungrow.dwd_pub_ps_dev_power_station_d` (`ps_id`, `ps_name`, `ps_location`, `longitude`, `latitude`, `valid_flag`, `ps_type`, `recore_create_time`, `access_type`, `is_odm_ps`, `ps_country_name`, `ps_province_name`, `ps_city_name`, `ps_district_name`, `dev_model_id`, `dev_model_name`, `dev_type_id`, `dev_type_name`, `dev_name`, `is_virtual_unit`, `dev_create_date`, `dev_uuid`, `dev_pro_sn`, `dev_conn_sn`, `dev_conn_model`, `total_installed_power`, `dev_bu_type`, `telemetry_point_num`, `telesignal_point_num`, `property_point_num`, `total_point_num`, `ps_owner_user_account`, `ps_owner_user_name`, `country_reagion`, `version1`, `version2`, `version3`, `version4`, `version5`, `up_uuid`, `dev_status`, `dev_status_update_time`, `pt`) VALUES (4, '值4', '值4', 919.7, 790.36, 4, 671, '2024-11-05 12:22:45', 651, 665, '值4', '值4', '值4', '值4', 4, '值4', 4, '值4', '值4', 629, '2024-10-01 12:22:45', 4, '值4', '值4', '值4', 215.4, '值4', 177, 4, 746, 195, '值4', '值4', '值4', '值4', '值4', '值4', '值4', '值4', '值4', '值4', '值4', '值4');
INSERT INTO `dwd_sungrow.dwd_pub_ps_dev_power_station_d` (`ps_id`, `ps_name`, `ps_location`, `longitude`, `latitude`, `valid_flag`, `ps_type`, `recore_create_time`, `access_type`, `is_odm_ps`, `ps_country_name`, `ps_province_name`, `ps_city_name`, `ps_district_name`, `dev_model_id`, `dev_model_name`, `dev_type_id`, `dev_type_name`, `dev_name`, `is_virtual_unit`, `dev_create_date`, `dev_uuid`, `dev_pro_sn`, `dev_conn_sn`, `dev_conn_model`, `total_installed_power`, `dev_bu_type`, `telemetry_point_num`, `telesignal_point_num`, `property_point_num`, `total_point_num`, `ps_owner_user_account`, `ps_owner_user_name`, `country_reagion`, `version1`, `version2`, `version3`, `version4`, `version5`, `up_uuid`, `dev_status`, `dev_status_update_time`, `pt`) VALUES (5, '值5', '值5', 983.41, 550.19, 5, 146, '2025-02-13 12:22:45', 751, 687, '值5', '值5', '值5', '值5', 5, '值5', 5, '值5', '值5', 674, '2024-10-30 12:22:45', 5, '值5', '值5', '值5', 918.61, '值5', 746, 383, 771, 30, '值5', '值5', '值5', '值5', '值5', '值5', '值5', '值5', '值5', '值5', '值5', '值5');
INSERT INTO `dwd_sungrow.dwd_pub_ps_dev_power_station_d` (`ps_id`, `ps_name`, `ps_location`, `longitude`, `latitude`, `valid_flag`, `ps_type`, `recore_create_time`, `access_type`, `is_odm_ps`, `ps_country_name`, `ps_province_name`, `ps_city_name`, `ps_district_name`, `dev_model_id`, `dev_model_name`, `dev_type_id`, `dev_type_name`, `dev_name`, `is_virtual_unit`, `dev_create_date`, `dev_uuid`, `dev_pro_sn`, `dev_conn_sn`, `dev_conn_model`, `total_installed_power`, `dev_bu_type`, `telemetry_point_num`, `telesignal_point_num`, `property_point_num`, `total_point_num`, `ps_owner_user_account`, `ps_owner_user_name`, `country_reagion`, `version1`, `version2`, `version3`, `version4`, `version5`, `up_uuid`, `dev_status`, `dev_status_update_time`, `pt`) VALUES (6, '值6', '值6', 634.96, 559.99, 6, 361, '2025-04-20 12:22:45', 456, 347, '值6', '值6', '值6', '值6', 6, '值6', 6, '值6', '值6', 891, '2025-03-09 12:22:45', 6, '值6', '值6', '值6', 624.7, '值6', 231, 309, 726, 54, '值6', '值6', '值6', '值6', '值6', '值6', '值6', '值6', '值6', '值6', '值6', '值6');
INSERT INTO `dwd_sungrow.dwd_pub_ps_dev_power_station_d` (`ps_id`, `ps_name`, `ps_location`, `longitude`, `latitude`, `valid_flag`, `ps_type`, `recore_create_time`, `access_type`, `is_odm_ps`, `ps_country_name`, `ps_province_name`, `ps_city_name`, `ps_district_name`, `dev_model_id`, `dev_model_name`, `dev_type_id`, `dev_type_name`, `dev_name`, `is_virtual_unit`, `dev_create_date`, `dev_uuid`, `dev_pro_sn`, `dev_conn_sn`, `dev_conn_model`, `total_installed_power`, `dev_bu_type`, `telemetry_point_num`, `telesignal_point_num`, `property_point_num`, `total_point_num`, `ps_owner_user_account`, `ps_owner_user_name`, `country_reagion`, `version1`, `version2`, `version3`, `version4`, `version5`, `up_uuid`, `dev_status`, `dev_status_update_time`, `pt`) VALUES (7, '值7', '值7', 537.55, 60.87, 7, 393, '2024-09-20 12:22:45', 274, 354, '值7', '值7', '值7', '值7', 7, '值7', 7, '值7', '值7', 545, '2024-10-16 12:22:45', 7, '值7', '值7', '值7', 975.9, '值7', 422, 81, 459, 519, '值7', '值7', '值7', '值7', '值7', '值7', '值7', '值7', '值7', '值7', '值7', '值7');
INSERT INTO `dwd_sungrow.dwd_pub_ps_dev_power_station_d` (`ps_id`, `ps_name`, `ps_location`, `longitude`, `latitude`, `valid_flag`, `ps_type`, `recore_create_time`, `access_type`, `is_odm_ps`, `ps_country_name`, `ps_province_name`, `ps_city_name`, `ps_district_name`, `dev_model_id`, `dev_model_name`, `dev_type_id`, `dev_type_name`, `dev_name`, `is_virtual_unit`, `dev_create_date`, `dev_uuid`, `dev_pro_sn`, `dev_conn_sn`, `dev_conn_model`, `total_installed_power`, `dev_bu_type`, `telemetry_point_num`, `telesignal_point_num`, `property_point_num`, `total_point_num`, `ps_owner_user_account`, `ps_owner_user_name`, `country_reagion`, `version1`, `version2`, `version3`, `version4`, `version5`, `up_uuid`, `dev_status`, `dev_status_update_time`, `pt`) VALUES (8, '值8', '值8', 528.94, 371.6, 8, 39, '2025-06-09 12:22:45', 238, 728, '值8', '值8', '值8', '值8', 8, '值8', 8, '值8', '值8', 39, '2024-08-16 12:22:45', 8, '值8', '值8', '值8', 611.96, '值8', 532, 532, 445, 427, '值8', '值8', '值8', '值8', '值8', '值8', '值8', '值8', '值8', '值8', '值8', '值8');
INSERT INTO `dwd_sungrow.dwd_pub_ps_dev_power_station_d` (`ps_id`, `ps_name`, `ps_location`, `longitude`, `latitude`, `valid_flag`, `ps_type`, `recore_create_time`, `access_type`, `is_odm_ps`, `ps_country_name`, `ps_province_name`, `ps_city_name`, `ps_district_name`, `dev_model_id`, `dev_model_name`, `dev_type_id`, `dev_type_name`, `dev_name`, `is_virtual_unit`, `dev_create_date`, `dev_uuid`, `dev_pro_sn`, `dev_conn_sn`, `dev_conn_model`, `total_installed_power`, `dev_bu_type`, `telemetry_point_num`, `telesignal_point_num`, `property_point_num`, `total_point_num`, `ps_owner_user_account`, `ps_owner_user_name`, `country_reagion`, `version1`, `version2`, `version3`, `version4`, `version5`, `up_uuid`, `dev_status`, `dev_status_update_time`, `pt`) VALUES (9, '值9', '值9', 102.59, 421.53, 9, 187, '2024-11-27 12:22:45', 471, 987, '值9', '值9', '值9', '值9', 9, '值9', 9, '值9', '值9', 485, '2025-02-15 12:22:45', 9, '值9', '值9', '值9', 76.57, '值9', 588, 568, 523, 574, '值9', '值9', '值9', '值9', '值9', '值9', '值9', '值9', '值9', '值9', '值9', '值9');
INSERT INTO `dwd_sungrow.dwd_pub_ps_dev_power_station_d` (`ps_id`, `ps_name`, `ps_location`, `longitude`, `latitude`, `valid_flag`, `ps_type`, `recore_create_time`, `access_type`, `is_odm_ps`, `ps_country_name`, `ps_province_name`, `ps_city_name`, `ps_district_name`, `dev_model_id`, `dev_model_name`, `dev_type_id`, `dev_type_name`, `dev_name`, `is_virtual_unit`, `dev_create_date`, `dev_uuid`, `dev_pro_sn`, `dev_conn_sn`, `dev_conn_model`, `total_installed_power`, `dev_bu_type`, `telemetry_point_num`, `telesignal_point_num`, `property_point_num`, `total_point_num`, `ps_owner_user_account`, `ps_owner_user_name`, `country_reagion`, `version1`, `version2`, `version3`, `version4`, `version5`, `up_uuid`, `dev_status`, `dev_status_update_time`, `pt`) VALUES (10, '值10', '值10', 84.63, 139.67, 10, 525, '2025-08-06 12:22:45', 246, 84, '值10', '值10', '值10', '值10', 10, '值10', 10, '值10', '值10', 628, '2025-07-28 12:22:45', 10, '值10', '值10', '值10', 493.03, '值10', 812, 311, 101, 430, '值10', '值10', '值10', '值10', '值10', '值10', '值10', '值10', '值10', '值10', '值10', '值10');
INSERT INTO `dwd_sungrow.dwd_pub_ps_dev_power_station_d` (`ps_id`, `ps_name`, `ps_location`, `longitude`, `latitude`, `valid_flag`, `ps_type`, `recore_create_time`, `access_type`, `is_odm_ps`, `ps_country_name`, `ps_province_name`, `ps_city_name`, `ps_district_name`, `dev_model_id`, `dev_model_name`, `dev_type_id`, `dev_type_name`, `dev_name`, `is_virtual_unit`, `dev_create_date`, `dev_uuid`, `dev_pro_sn`, `dev_conn_sn`, `dev_conn_model`, `total_installed_power`, `dev_bu_type`, `telemetry_point_num`, `telesignal_point_num`, `property_point_num`, `total_point_num`, `ps_owner_user_account`, `ps_owner_user_name`, `country_reagion`, `version1`, `version2`, `version3`, `version4`, `version5`, `up_uuid`, `dev_status`, `dev_status_update_time`, `pt`) VALUES (11, '值11', '值11', 566.67, 4.27, 11, 339, '2025-05-13 12:22:45', 304, 79, '值11', '值11', '值11', '值11', 11, '值11', 11, '值11', '值11', 156, '2025-06-11 12:22:45', 11, '值11', '值11', '值11', 558.16, '值11', 422, 356, 897, 146, '值11', '值11', '值11', '值11', '值11', '值11', '值11', '值11', '值11', '值11', '值11', '值11');
INSERT INTO `dwd_sungrow.dwd_pub_ps_dev_power_station_d` (`ps_id`, `ps_name`, `ps_location`, `longitude`, `latitude`, `valid_flag`, `ps_type`, `recore_create_time`, `access_type`, `is_odm_ps`, `ps_country_name`, `ps_province_name`, `ps_city_name`, `ps_district_name`, `dev_model_id`, `dev_model_name`, `dev_type_id`, `dev_type_name`, `dev_name`, `is_virtual_unit`, `dev_create_date`, `dev_uuid`, `dev_pro_sn`, `dev_conn_sn`, `dev_conn_model`, `total_installed_power`, `dev_bu_type`, `telemetry_point_num`, `telesignal_point_num`, `property_point_num`, `total_point_num`, `ps_owner_user_account`, `ps_owner_user_name`, `country_reagion`, `version1`, `version2`, `version3`, `version4`, `version5`, `up_uuid`, `dev_status`, `dev_status_update_time`, `pt`) VALUES (12, '值12', '值12', 716.02, 742.46, 12, 210, '2024-12-10 12:22:45', 132, 535, '值12', '值12', '值12', '值12', 12, '值12', 12, '值12', '值12', 592, '2024-11-28 12:22:45', 12, '值12', '值12', '值12', 171.45, '值12', 982, 5, 498, 974, '值12', '值12', '值12', '值12', '值12', '值12', '值12', '值12', '值12', '值12', '值12', '值12');
INSERT INTO `dwd_sungrow.dwd_pub_ps_dev_power_station_d` (`ps_id`, `ps_name`, `ps_location`, `longitude`, `latitude`, `valid_flag`, `ps_type`, `recore_create_time`, `access_type`, `is_odm_ps`, `ps_country_name`, `ps_province_name`, `ps_city_name`, `ps_district_name`, `dev_model_id`, `dev_model_name`, `dev_type_id`, `dev_type_name`, `dev_name`, `is_virtual_unit`, `dev_create_date`, `dev_uuid`, `dev_pro_sn`, `dev_conn_sn`, `dev_conn_model`, `total_installed_power`, `dev_bu_type`, `telemetry_point_num`, `telesignal_point_num`, `property_point_num`, `total_point_num`, `ps_owner_user_account`, `ps_owner_user_name`, `country_reagion`, `version1`, `version2`, `version3`, `version4`, `version5`, `up_uuid`, `dev_status`, `dev_status_update_time`, `pt`) VALUES (13, '值13', '值13', 385.26, 962.11, 13, 490, '2024-11-28 12:22:45', 533, 103, '值13', '值13', '值13', '值13', 13, '值13', 13, '值13', '值13', 658, '2024-12-04 12:22:45', 13, '值13', '值13', '值13', 342.99, '值13', 511, 274, 168, 128, '值13', '值13', '值13', '值13', '值13', '值13', '值13', '值13', '值13', '值13', '值13', '值13');
INSERT INTO `dwd_sungrow.dwd_pub_ps_dev_power_station_d` (`ps_id`, `ps_name`, `ps_location`, `longitude`, `latitude`, `valid_flag`, `ps_type`, `recore_create_time`, `access_type`, `is_odm_ps`, `ps_country_name`, `ps_province_name`, `ps_city_name`, `ps_district_name`, `dev_model_id`, `dev_model_name`, `dev_type_id`, `dev_type_name`, `dev_name`, `is_virtual_unit`, `dev_create_date`, `dev_uuid`, `dev_pro_sn`, `dev_conn_sn`, `dev_conn_model`, `total_installed_power`, `dev_bu_type`, `telemetry_point_num`, `telesignal_point_num`, `property_point_num`, `total_point_num`, `ps_owner_user_account`, `ps_owner_user_name`, `country_reagion`, `version1`, `version2`, `version3`, `version4`, `version5`, `up_uuid`, `dev_status`, `dev_status_update_time`, `pt`) VALUES (14, '值14', '值14', 745.05, 83.35, 14, 264, '2025-05-24 12:22:45', 53, 46, '值14', '值14', '值14', '值14', 14, '值14', 14, '值14', '值14', 920, '2025-01-31 12:22:45', 14, '值14', '值14', '值14', 484.11, '值14', 919, 648, 439, 719, '值14', '值14', '值14', '值14', '值14', '值14', '值14', '值14', '值14', '值14', '值14', '值14');
INSERT INTO `dwd_sungrow.dwd_pub_ps_dev_power_station_d` (`ps_id`, `ps_name`, `ps_location`, `longitude`, `latitude`, `valid_flag`, `ps_type`, `recore_create_time`, `access_type`, `is_odm_ps`, `ps_country_name`, `ps_province_name`, `ps_city_name`, `ps_district_name`, `dev_model_id`, `dev_model_name`, `dev_type_id`, `dev_type_name`, `dev_name`, `is_virtual_unit`, `dev_create_date`, `dev_uuid`, `dev_pro_sn`, `dev_conn_sn`, `dev_conn_model`, `total_installed_power`, `dev_bu_type`, `telemetry_point_num`, `telesignal_point_num`, `property_point_num`, `total_point_num`, `ps_owner_user_account`, `ps_owner_user_name`, `country_reagion`, `version1`, `version2`, `version3`, `version4`, `version5`, `up_uuid`, `dev_status`, `dev_status_update_time`, `pt`) VALUES (15, '值15', '值15', 877.17, 587.94, 15, 112, '2025-05-17 12:22:45', 538, 807, '值15', '值15', '值15', '值15', 15, '值15', 15, '值15', '值15', 55, '2025-07-31 12:22:45', 15, '值15', '值15', '值15', 12.08, '值15', 941, 388, 474, 794, '值15', '值15', '值15', '值15', '值15', '值15', '值15', '值15', '值15', '值15', '值15', '值15');
INSERT INTO `dwd_sungrow.dwd_pub_ps_dev_power_station_d` (`ps_id`, `ps_name`, `ps_location`, `longitude`, `latitude`, `valid_flag`, `ps_type`, `recore_create_time`, `access_type`, `is_odm_ps`, `ps_country_name`, `ps_province_name`, `ps_city_name`, `ps_district_name`, `dev_model_id`, `dev_model_name`, `dev_type_id`, `dev_type_name`, `dev_name`, `is_virtual_unit`, `dev_create_date`, `dev_uuid`, `dev_pro_sn`, `dev_conn_sn`, `dev_conn_model`, `total_installed_power`, `dev_bu_type`, `telemetry_point_num`, `telesignal_point_num`, `property_point_num`, `total_point_num`, `ps_owner_user_account`, `ps_owner_user_name`, `country_reagion`, `version1`, `version2`, `version3`, `version4`, `version5`, `up_uuid`, `dev_status`, `dev_status_update_time`, `pt`) VALUES (16, '值16', '值16', 752.67, 511.07, 16, 514, '2025-04-27 12:22:45', 375, 99, '值16', '值16', '值16', '值16', 16, '值16', 16, '值16', '值16', 815, '2025-01-15 12:22:45', 16, '值16', '值16', '值16', 311.85, '值16', 760, 401, 622, 744, '值16', '值16', '值16', '值16', '值16', '值16', '值16', '值16', '值16', '值16', '值16', '值16');
INSERT INTO `dwd_sungrow.dwd_pub_ps_dev_power_station_d` (`ps_id`, `ps_name`, `ps_location`, `longitude`, `latitude`, `valid_flag`, `ps_type`, `recore_create_time`, `access_type`, `is_odm_ps`, `ps_country_name`, `ps_province_name`, `ps_city_name`, `ps_district_name`, `dev_model_id`, `dev_model_name`, `dev_type_id`, `dev_type_name`, `dev_name`, `is_virtual_unit`, `dev_create_date`, `dev_uuid`, `dev_pro_sn`, `dev_conn_sn`, `dev_conn_model`, `total_installed_power`, `dev_bu_type`, `telemetry_point_num`, `telesignal_point_num`, `property_point_num`, `total_point_num`, `ps_owner_user_account`, `ps_owner_user_name`, `country_reagion`, `version1`, `version2`, `version3`, `version4`, `version5`, `up_uuid`, `dev_status`, `dev_status_update_time`, `pt`) VALUES (17, '值17', '值17', 398.56, 348.61, 17, 111, '2024-09-11 12:22:45', 491, 964, '值17', '值17', '值17', '值17', 17, '值17', 17, '值17', '值17', 290, '2025-02-18 12:22:45', 17, '值17', '值17', '值17', 220.66, '值17', 417, 472, 457, 73, '值17', '值17', '值17', '值17', '值17', '值17', '值17', '值17', '值17', '值17', '值17', '值17');
INSERT INTO `dwd_sungrow.dwd_pub_ps_dev_power_station_d` (`ps_id`, `ps_name`, `ps_location`, `longitude`, `latitude`, `valid_flag`, `ps_type`, `recore_create_time`, `access_type`, `is_odm_ps`, `ps_country_name`, `ps_province_name`, `ps_city_name`, `ps_district_name`, `dev_model_id`, `dev_model_name`, `dev_type_id`, `dev_type_name`, `dev_name`, `is_virtual_unit`, `dev_create_date`, `dev_uuid`, `dev_pro_sn`, `dev_conn_sn`, `dev_conn_model`, `total_installed_power`, `dev_bu_type`, `telemetry_point_num`, `telesignal_point_num`, `property_point_num`, `total_point_num`, `ps_owner_user_account`, `ps_owner_user_name`, `country_reagion`, `version1`, `version2`, `version3`, `version4`, `version5`, `up_uuid`, `dev_status`, `dev_status_update_time`, `pt`) VALUES (18, '值18', '值18', 643.19, 449.43, 18, 28, '2024-10-13 12:22:45', 437, 600, '值18', '值18', '值18', '值18', 18, '值18', 18, '值18', '值18', 836, '2025-07-11 12:22:45', 18, '值18', '值18', '值18', 156.14, '值18', 880, 684, 343, 450, '值18', '值18', '值18', '值18', '值18', '值18', '值18', '值18', '值18', '值18', '值18', '值18');
INSERT INTO `dwd_sungrow.dwd_pub_ps_dev_power_station_d` (`ps_id`, `ps_name`, `ps_location`, `longitude`, `latitude`, `valid_flag`, `ps_type`, `recore_create_time`, `access_type`, `is_odm_ps`, `ps_country_name`, `ps_province_name`, `ps_city_name`, `ps_district_name`, `dev_model_id`, `dev_model_name`, `dev_type_id`, `dev_type_name`, `dev_name`, `is_virtual_unit`, `dev_create_date`, `dev_uuid`, `dev_pro_sn`, `dev_conn_sn`, `dev_conn_model`, `total_installed_power`, `dev_bu_type`, `telemetry_point_num`, `telesignal_point_num`, `property_point_num`, `total_point_num`, `ps_owner_user_account`, `ps_owner_user_name`, `country_reagion`, `version1`, `version2`, `version3`, `version4`, `version5`, `up_uuid`, `dev_status`, `dev_status_update_time`, `pt`) VALUES (19, '值19', '值19', 502.57, 496.12, 19, 492, '2025-05-18 12:22:45', 837, 404, '值19', '值19', '值19', '值19', 19, '值19', 19, '值19', '值19', 832, '2024-11-19 12:22:45', 19, '值19', '值19', '值19', 47.48, '值19', 665, 214, 658, 817, '值19', '值19', '值19', '值19', '值19', '值19', '值19', '值19', '值19', '值19', '值19', '值19');
INSERT INTO `dwd_sungrow.dwd_pub_ps_dev_power_station_d` (`ps_id`, `ps_name`, `ps_location`, `longitude`, `latitude`, `valid_flag`, `ps_type`, `recore_create_time`, `access_type`, `is_odm_ps`, `ps_country_name`, `ps_province_name`, `ps_city_name`, `ps_district_name`, `dev_model_id`, `dev_model_name`, `dev_type_id`, `dev_type_name`, `dev_name`, `is_virtual_unit`, `dev_create_date`, `dev_uuid`, `dev_pro_sn`, `dev_conn_sn`, `dev_conn_model`, `total_installed_power`, `dev_bu_type`, `telemetry_point_num`, `telesignal_point_num`, `property_point_num`, `total_point_num`, `ps_owner_user_account`, `ps_owner_user_name`, `country_reagion`, `version1`, `version2`, `version3`, `version4`, `version5`, `up_uuid`, `dev_status`, `dev_status_update_time`, `pt`) VALUES (20, '值20', '值20', 87.68, 929.17, 20, 883, '2025-08-08 12:22:45', 711, 718, '值20', '值20', '值20', '值20', 20, '值20', 20, '值20', '值20', 858, '2025-01-07 12:22:45', 20, '值20', '值20', '值20', 895.63, '值20', 764, 982, 134, 483, '值20', '值20', '值20', '值20', '值20', '值20', '值20', '值20', '值20', '值20', '值20', '值20');

-- 插入样例数据: dwd_sungrow.dwd_pub_user_org_d
INSERT INTO `dwd_sungrow.dwd_pub_user_org_d` (`user_account`, `user_name`, `user_type`, `crt_date`, `valid_flag`, `login_first_date`, `login_last_date`, `user_country`, `org_name`, `is_master_org`, `is_home_pv`, `login_times`, `login_web_times`, `login_app_times`, `pt`) VALUES ('值1', '值1', '值1', '2024-12-13 12:22:45', 1, '2025-03-31 12:22:45', '2025-06-29 12:22:45', '值1', '值1', 658, '值1', 742, 754, 431, '值1');
INSERT INTO `dwd_sungrow.dwd_pub_user_org_d` (`user_account`, `user_name`, `user_type`, `crt_date`, `valid_flag`, `login_first_date`, `login_last_date`, `user_country`, `org_name`, `is_master_org`, `is_home_pv`, `login_times`, `login_web_times`, `login_app_times`, `pt`) VALUES ('值2', '值2', '值2', '2025-06-04 12:22:45', 2, '2025-06-18 12:22:45', '2025-05-27 12:22:45', '值2', '值2', 873, '值2', 280, 266, 304, '值2');
INSERT INTO `dwd_sungrow.dwd_pub_user_org_d` (`user_account`, `user_name`, `user_type`, `crt_date`, `valid_flag`, `login_first_date`, `login_last_date`, `user_country`, `org_name`, `is_master_org`, `is_home_pv`, `login_times`, `login_web_times`, `login_app_times`, `pt`) VALUES ('值3', '值3', '值3', '2025-04-21 12:22:45', 3, '2025-04-23 12:22:45', '2025-06-26 12:22:45', '值3', '值3', 622, '值3', 31, 105, 731, '值3');
INSERT INTO `dwd_sungrow.dwd_pub_user_org_d` (`user_account`, `user_name`, `user_type`, `crt_date`, `valid_flag`, `login_first_date`, `login_last_date`, `user_country`, `org_name`, `is_master_org`, `is_home_pv`, `login_times`, `login_web_times`, `login_app_times`, `pt`) VALUES ('值4', '值4', '值4', '2025-08-04 12:22:45', 4, '2025-01-01 12:22:45', '2024-12-10 12:22:45', '值4', '值4', 345, '值4', 535, 52, 388, '值4');
INSERT INTO `dwd_sungrow.dwd_pub_user_org_d` (`user_account`, `user_name`, `user_type`, `crt_date`, `valid_flag`, `login_first_date`, `login_last_date`, `user_country`, `org_name`, `is_master_org`, `is_home_pv`, `login_times`, `login_web_times`, `login_app_times`, `pt`) VALUES ('值5', '值5', '值5', '2025-02-14 12:22:45', 5, '2025-06-29 12:22:45', '2025-08-02 12:22:45', '值5', '值5', 467, '值5', 40, 41, 572, '值5');
INSERT INTO `dwd_sungrow.dwd_pub_user_org_d` (`user_account`, `user_name`, `user_type`, `crt_date`, `valid_flag`, `login_first_date`, `login_last_date`, `user_country`, `org_name`, `is_master_org`, `is_home_pv`, `login_times`, `login_web_times`, `login_app_times`, `pt`) VALUES ('值6', '值6', '值6', '2024-11-24 12:22:45', 6, '2025-04-05 12:22:45', '2024-09-26 12:22:45', '值6', '值6', 271, '值6', 851, 188, 897, '值6');
INSERT INTO `dwd_sungrow.dwd_pub_user_org_d` (`user_account`, `user_name`, `user_type`, `crt_date`, `valid_flag`, `login_first_date`, `login_last_date`, `user_country`, `org_name`, `is_master_org`, `is_home_pv`, `login_times`, `login_web_times`, `login_app_times`, `pt`) VALUES ('值7', '值7', '值7', '2024-12-18 12:22:45', 7, '2024-11-20 12:22:45', '2024-11-18 12:22:45', '值7', '值7', 259, '值7', 419, 517, 277, '值7');
INSERT INTO `dwd_sungrow.dwd_pub_user_org_d` (`user_account`, `user_name`, `user_type`, `crt_date`, `valid_flag`, `login_first_date`, `login_last_date`, `user_country`, `org_name`, `is_master_org`, `is_home_pv`, `login_times`, `login_web_times`, `login_app_times`, `pt`) VALUES ('值8', '值8', '值8', '2025-02-09 12:22:45', 8, '2025-02-25 12:22:45', '2025-04-17 12:22:45', '值8', '值8', 112, '值8', 250, 859, 444, '值8');
INSERT INTO `dwd_sungrow.dwd_pub_user_org_d` (`user_account`, `user_name`, `user_type`, `crt_date`, `valid_flag`, `login_first_date`, `login_last_date`, `user_country`, `org_name`, `is_master_org`, `is_home_pv`, `login_times`, `login_web_times`, `login_app_times`, `pt`) VALUES ('值9', '值9', '值9', '2025-05-31 12:22:45', 9, '2025-02-28 12:22:45', '2025-03-20 12:22:45', '值9', '值9', 496, '值9', 882, 729, 622, '值9');
INSERT INTO `dwd_sungrow.dwd_pub_user_org_d` (`user_account`, `user_name`, `user_type`, `crt_date`, `valid_flag`, `login_first_date`, `login_last_date`, `user_country`, `org_name`, `is_master_org`, `is_home_pv`, `login_times`, `login_web_times`, `login_app_times`, `pt`) VALUES ('值10', '值10', '值10', '2024-10-21 12:22:45', 10, '2024-12-08 12:22:45', '2024-08-17 12:22:45', '值10', '值10', 1, '值10', 299, 364, 117, '值10');
INSERT INTO `dwd_sungrow.dwd_pub_user_org_d` (`user_account`, `user_name`, `user_type`, `crt_date`, `valid_flag`, `login_first_date`, `login_last_date`, `user_country`, `org_name`, `is_master_org`, `is_home_pv`, `login_times`, `login_web_times`, `login_app_times`, `pt`) VALUES ('值11', '值11', '值11', '2025-07-31 12:22:45', 11, '2024-11-30 12:22:45', '2024-09-24 12:22:45', '值11', '值11', 841, '值11', 30, 743, 425, '值11');
INSERT INTO `dwd_sungrow.dwd_pub_user_org_d` (`user_account`, `user_name`, `user_type`, `crt_date`, `valid_flag`, `login_first_date`, `login_last_date`, `user_country`, `org_name`, `is_master_org`, `is_home_pv`, `login_times`, `login_web_times`, `login_app_times`, `pt`) VALUES ('值12', '值12', '值12', '2024-12-18 12:22:45', 12, '2025-05-22 12:22:45', '2024-08-30 12:22:45', '值12', '值12', 966, '值12', 797, 778, 557, '值12');
INSERT INTO `dwd_sungrow.dwd_pub_user_org_d` (`user_account`, `user_name`, `user_type`, `crt_date`, `valid_flag`, `login_first_date`, `login_last_date`, `user_country`, `org_name`, `is_master_org`, `is_home_pv`, `login_times`, `login_web_times`, `login_app_times`, `pt`) VALUES ('值13', '值13', '值13', '2024-09-14 12:22:45', 13, '2024-09-19 12:22:45', '2025-03-03 12:22:45', '值13', '值13', 699, '值13', 43, 26, 624, '值13');
INSERT INTO `dwd_sungrow.dwd_pub_user_org_d` (`user_account`, `user_name`, `user_type`, `crt_date`, `valid_flag`, `login_first_date`, `login_last_date`, `user_country`, `org_name`, `is_master_org`, `is_home_pv`, `login_times`, `login_web_times`, `login_app_times`, `pt`) VALUES ('值14', '值14', '值14', '2024-12-16 12:22:45', 14, '2024-08-26 12:22:45', '2025-05-07 12:22:45', '值14', '值14', 547, '值14', 214, 768, 822, '值14');
INSERT INTO `dwd_sungrow.dwd_pub_user_org_d` (`user_account`, `user_name`, `user_type`, `crt_date`, `valid_flag`, `login_first_date`, `login_last_date`, `user_country`, `org_name`, `is_master_org`, `is_home_pv`, `login_times`, `login_web_times`, `login_app_times`, `pt`) VALUES ('值15', '值15', '值15', '2025-07-09 12:22:45', 15, '2025-07-16 12:22:45', '2024-12-27 12:22:45', '值15', '值15', 881, '值15', 35, 184, 772, '值15');
INSERT INTO `dwd_sungrow.dwd_pub_user_org_d` (`user_account`, `user_name`, `user_type`, `crt_date`, `valid_flag`, `login_first_date`, `login_last_date`, `user_country`, `org_name`, `is_master_org`, `is_home_pv`, `login_times`, `login_web_times`, `login_app_times`, `pt`) VALUES ('值16', '值16', '值16', '2025-05-08 12:22:45', 16, '2025-06-01 12:22:45', '2025-02-11 12:22:45', '值16', '值16', 294, '值16', 97, 380, 504, '值16');
INSERT INTO `dwd_sungrow.dwd_pub_user_org_d` (`user_account`, `user_name`, `user_type`, `crt_date`, `valid_flag`, `login_first_date`, `login_last_date`, `user_country`, `org_name`, `is_master_org`, `is_home_pv`, `login_times`, `login_web_times`, `login_app_times`, `pt`) VALUES ('值17', '值17', '值17', '2024-09-09 12:22:45', 17, '2024-08-27 12:22:45', '2025-06-26 12:22:45', '值17', '值17', 671, '值17', 114, 829, 619, '值17');
INSERT INTO `dwd_sungrow.dwd_pub_user_org_d` (`user_account`, `user_name`, `user_type`, `crt_date`, `valid_flag`, `login_first_date`, `login_last_date`, `user_country`, `org_name`, `is_master_org`, `is_home_pv`, `login_times`, `login_web_times`, `login_app_times`, `pt`) VALUES ('值18', '值18', '值18', '2025-04-22 12:22:45', 18, '2025-03-23 12:22:45', '2025-07-27 12:22:45', '值18', '值18', 926, '值18', 493, 405, 792, '值18');
INSERT INTO `dwd_sungrow.dwd_pub_user_org_d` (`user_account`, `user_name`, `user_type`, `crt_date`, `valid_flag`, `login_first_date`, `login_last_date`, `user_country`, `org_name`, `is_master_org`, `is_home_pv`, `login_times`, `login_web_times`, `login_app_times`, `pt`) VALUES ('值19', '值19', '值19', '2025-05-17 12:22:45', 19, '2024-11-15 12:22:45', '2025-02-18 12:22:45', '值19', '值19', 347, '值19', 521, 425, 758, '值19');
INSERT INTO `dwd_sungrow.dwd_pub_user_org_d` (`user_account`, `user_name`, `user_type`, `crt_date`, `valid_flag`, `login_first_date`, `login_last_date`, `user_country`, `org_name`, `is_master_org`, `is_home_pv`, `login_times`, `login_web_times`, `login_app_times`, `pt`) VALUES ('值20', '值20', '值20', '2025-05-06 12:22:45', 20, '2024-12-18 12:22:45', '2025-06-11 12:22:45', '值20', '值20', 127, '值20', 942, 654, 344, '值20');

-- 插入样例数据: dwd_sungrow.dwd_org_sys_org_all_sub_org_d
INSERT INTO `dwd_sungrow.dwd_org_sys_org_all_sub_org_d` (`org_id`, `sub_org_id`, `pt`) VALUES (1, 1, '值1');
INSERT INTO `dwd_sungrow.dwd_org_sys_org_all_sub_org_d` (`org_id`, `sub_org_id`, `pt`) VALUES (2, 2, '值2');
INSERT INTO `dwd_sungrow.dwd_org_sys_org_all_sub_org_d` (`org_id`, `sub_org_id`, `pt`) VALUES (3, 3, '值3');
INSERT INTO `dwd_sungrow.dwd_org_sys_org_all_sub_org_d` (`org_id`, `sub_org_id`, `pt`) VALUES (4, 4, '值4');
INSERT INTO `dwd_sungrow.dwd_org_sys_org_all_sub_org_d` (`org_id`, `sub_org_id`, `pt`) VALUES (5, 5, '值5');
INSERT INTO `dwd_sungrow.dwd_org_sys_org_all_sub_org_d` (`org_id`, `sub_org_id`, `pt`) VALUES (6, 6, '值6');
INSERT INTO `dwd_sungrow.dwd_org_sys_org_all_sub_org_d` (`org_id`, `sub_org_id`, `pt`) VALUES (7, 7, '值7');
INSERT INTO `dwd_sungrow.dwd_org_sys_org_all_sub_org_d` (`org_id`, `sub_org_id`, `pt`) VALUES (8, 8, '值8');
INSERT INTO `dwd_sungrow.dwd_org_sys_org_all_sub_org_d` (`org_id`, `sub_org_id`, `pt`) VALUES (9, 9, '值9');
INSERT INTO `dwd_sungrow.dwd_org_sys_org_all_sub_org_d` (`org_id`, `sub_org_id`, `pt`) VALUES (10, 10, '值10');
INSERT INTO `dwd_sungrow.dwd_org_sys_org_all_sub_org_d` (`org_id`, `sub_org_id`, `pt`) VALUES (11, 11, '值11');
INSERT INTO `dwd_sungrow.dwd_org_sys_org_all_sub_org_d` (`org_id`, `sub_org_id`, `pt`) VALUES (12, 12, '值12');
INSERT INTO `dwd_sungrow.dwd_org_sys_org_all_sub_org_d` (`org_id`, `sub_org_id`, `pt`) VALUES (13, 13, '值13');
INSERT INTO `dwd_sungrow.dwd_org_sys_org_all_sub_org_d` (`org_id`, `sub_org_id`, `pt`) VALUES (14, 14, '值14');
INSERT INTO `dwd_sungrow.dwd_org_sys_org_all_sub_org_d` (`org_id`, `sub_org_id`, `pt`) VALUES (15, 15, '值15');
INSERT INTO `dwd_sungrow.dwd_org_sys_org_all_sub_org_d` (`org_id`, `sub_org_id`, `pt`) VALUES (16, 16, '值16');
INSERT INTO `dwd_sungrow.dwd_org_sys_org_all_sub_org_d` (`org_id`, `sub_org_id`, `pt`) VALUES (17, 17, '值17');
INSERT INTO `dwd_sungrow.dwd_org_sys_org_all_sub_org_d` (`org_id`, `sub_org_id`, `pt`) VALUES (18, 18, '值18');
INSERT INTO `dwd_sungrow.dwd_org_sys_org_all_sub_org_d` (`org_id`, `sub_org_id`, `pt`) VALUES (19, 19, '值19');
INSERT INTO `dwd_sungrow.dwd_org_sys_org_all_sub_org_d` (`org_id`, `sub_org_id`, `pt`) VALUES (20, 20, '值20');

-- 插入样例数据: dwd_sungrow.dwd_ps_power_station_org_d
INSERT INTO `dwd_sungrow.dwd_ps_power_station_org_d` (`root_org_id`, `pt`) VALUES (1, '值1');
INSERT INTO `dwd_sungrow.dwd_ps_power_station_org_d` (`root_org_id`, `pt`) VALUES (2, '值2');
INSERT INTO `dwd_sungrow.dwd_ps_power_station_org_d` (`root_org_id`, `pt`) VALUES (3, '值3');
INSERT INTO `dwd_sungrow.dwd_ps_power_station_org_d` (`root_org_id`, `pt`) VALUES (4, '值4');
INSERT INTO `dwd_sungrow.dwd_ps_power_station_org_d` (`root_org_id`, `pt`) VALUES (5, '值5');
INSERT INTO `dwd_sungrow.dwd_ps_power_station_org_d` (`root_org_id`, `pt`) VALUES (6, '值6');
INSERT INTO `dwd_sungrow.dwd_ps_power_station_org_d` (`root_org_id`, `pt`) VALUES (7, '值7');
INSERT INTO `dwd_sungrow.dwd_ps_power_station_org_d` (`root_org_id`, `pt`) VALUES (8, '值8');
INSERT INTO `dwd_sungrow.dwd_ps_power_station_org_d` (`root_org_id`, `pt`) VALUES (9, '值9');
INSERT INTO `dwd_sungrow.dwd_ps_power_station_org_d` (`root_org_id`, `pt`) VALUES (10, '值10');
INSERT INTO `dwd_sungrow.dwd_ps_power_station_org_d` (`root_org_id`, `pt`) VALUES (11, '值11');
INSERT INTO `dwd_sungrow.dwd_ps_power_station_org_d` (`root_org_id`, `pt`) VALUES (12, '值12');
INSERT INTO `dwd_sungrow.dwd_ps_power_station_org_d` (`root_org_id`, `pt`) VALUES (13, '值13');
INSERT INTO `dwd_sungrow.dwd_ps_power_station_org_d` (`root_org_id`, `pt`) VALUES (14, '值14');
INSERT INTO `dwd_sungrow.dwd_ps_power_station_org_d` (`root_org_id`, `pt`) VALUES (15, '值15');
INSERT INTO `dwd_sungrow.dwd_ps_power_station_org_d` (`root_org_id`, `pt`) VALUES (16, '值16');
INSERT INTO `dwd_sungrow.dwd_ps_power_station_org_d` (`root_org_id`, `pt`) VALUES (17, '值17');
INSERT INTO `dwd_sungrow.dwd_ps_power_station_org_d` (`root_org_id`, `pt`) VALUES (18, '值18');
INSERT INTO `dwd_sungrow.dwd_ps_power_station_org_d` (`root_org_id`, `pt`) VALUES (19, '值19');
INSERT INTO `dwd_sungrow.dwd_ps_power_station_org_d` (`root_org_id`, `pt`) VALUES (20, '值20');

-- 插入样例数据: dwd_sungrow.dwd_sn_dev_sim_d
INSERT INTO `dwd_sungrow.dwd_sn_dev_sim_d` (`sn_status`, `sim_no`, `sim_iccid`, `sim_type`, `wifi_type`, `effect_date`, `failure_date`, `sim_status`, `pt`) VALUES (48, '值1', '值1', 372, 989, '2025-05-10 12:22:45', '2025-02-22 12:22:45', 263, '值1');
INSERT INTO `dwd_sungrow.dwd_sn_dev_sim_d` (`sn_status`, `sim_no`, `sim_iccid`, `sim_type`, `wifi_type`, `effect_date`, `failure_date`, `sim_status`, `pt`) VALUES (776, '值2', '值2', 389, 63, '2024-11-06 12:22:45', '2024-09-05 12:22:45', 121, '值2');
INSERT INTO `dwd_sungrow.dwd_sn_dev_sim_d` (`sn_status`, `sim_no`, `sim_iccid`, `sim_type`, `wifi_type`, `effect_date`, `failure_date`, `sim_status`, `pt`) VALUES (84, '值3', '值3', 588, 469, '2024-08-23 12:22:45', '2025-02-08 12:22:45', 506, '值3');
INSERT INTO `dwd_sungrow.dwd_sn_dev_sim_d` (`sn_status`, `sim_no`, `sim_iccid`, `sim_type`, `wifi_type`, `effect_date`, `failure_date`, `sim_status`, `pt`) VALUES (844, '值4', '值4', 442, 665, '2024-08-23 12:22:45', '2025-01-30 12:22:45', 873, '值4');
INSERT INTO `dwd_sungrow.dwd_sn_dev_sim_d` (`sn_status`, `sim_no`, `sim_iccid`, `sim_type`, `wifi_type`, `effect_date`, `failure_date`, `sim_status`, `pt`) VALUES (932, '值5', '值5', 961, 211, '2025-06-07 12:22:45', '2025-07-23 12:22:45', 435, '值5');
INSERT INTO `dwd_sungrow.dwd_sn_dev_sim_d` (`sn_status`, `sim_no`, `sim_iccid`, `sim_type`, `wifi_type`, `effect_date`, `failure_date`, `sim_status`, `pt`) VALUES (826, '值6', '值6', 355, 435, '2024-08-30 12:22:45', '2025-06-09 12:22:45', 293, '值6');
INSERT INTO `dwd_sungrow.dwd_sn_dev_sim_d` (`sn_status`, `sim_no`, `sim_iccid`, `sim_type`, `wifi_type`, `effect_date`, `failure_date`, `sim_status`, `pt`) VALUES (122, '值7', '值7', 396, 22, '2025-05-05 12:22:45', '2025-07-28 12:22:45', 121, '值7');
INSERT INTO `dwd_sungrow.dwd_sn_dev_sim_d` (`sn_status`, `sim_no`, `sim_iccid`, `sim_type`, `wifi_type`, `effect_date`, `failure_date`, `sim_status`, `pt`) VALUES (191, '值8', '值8', 565, 746, '2025-02-21 12:22:45', '2024-09-17 12:22:45', 886, '值8');
INSERT INTO `dwd_sungrow.dwd_sn_dev_sim_d` (`sn_status`, `sim_no`, `sim_iccid`, `sim_type`, `wifi_type`, `effect_date`, `failure_date`, `sim_status`, `pt`) VALUES (820, '值9', '值9', 271, 263, '2024-10-03 12:22:45', '2024-12-24 12:22:45', 118, '值9');
INSERT INTO `dwd_sungrow.dwd_sn_dev_sim_d` (`sn_status`, `sim_no`, `sim_iccid`, `sim_type`, `wifi_type`, `effect_date`, `failure_date`, `sim_status`, `pt`) VALUES (615, '值10', '值10', 65, 861, '2024-10-27 12:22:45', '2025-06-09 12:22:45', 705, '值10');
INSERT INTO `dwd_sungrow.dwd_sn_dev_sim_d` (`sn_status`, `sim_no`, `sim_iccid`, `sim_type`, `wifi_type`, `effect_date`, `failure_date`, `sim_status`, `pt`) VALUES (343, '值11', '值11', 946, 338, '2025-03-23 12:22:45', '2025-05-25 12:22:45', 386, '值11');
INSERT INTO `dwd_sungrow.dwd_sn_dev_sim_d` (`sn_status`, `sim_no`, `sim_iccid`, `sim_type`, `wifi_type`, `effect_date`, `failure_date`, `sim_status`, `pt`) VALUES (209, '值12', '值12', 405, 757, '2025-02-01 12:22:45', '2024-11-04 12:22:45', 393, '值12');
INSERT INTO `dwd_sungrow.dwd_sn_dev_sim_d` (`sn_status`, `sim_no`, `sim_iccid`, `sim_type`, `wifi_type`, `effect_date`, `failure_date`, `sim_status`, `pt`) VALUES (337, '值13', '值13', 524, 443, '2024-10-07 12:22:45', '2025-01-22 12:22:45', 669, '值13');
INSERT INTO `dwd_sungrow.dwd_sn_dev_sim_d` (`sn_status`, `sim_no`, `sim_iccid`, `sim_type`, `wifi_type`, `effect_date`, `failure_date`, `sim_status`, `pt`) VALUES (610, '值14', '值14', 23, 109, '2024-08-27 12:22:45', '2025-03-14 12:22:45', 906, '值14');
INSERT INTO `dwd_sungrow.dwd_sn_dev_sim_d` (`sn_status`, `sim_no`, `sim_iccid`, `sim_type`, `wifi_type`, `effect_date`, `failure_date`, `sim_status`, `pt`) VALUES (216, '值15', '值15', 994, 939, '2024-11-13 12:22:45', '2024-10-29 12:22:45', 839, '值15');
INSERT INTO `dwd_sungrow.dwd_sn_dev_sim_d` (`sn_status`, `sim_no`, `sim_iccid`, `sim_type`, `wifi_type`, `effect_date`, `failure_date`, `sim_status`, `pt`) VALUES (24, '值16', '值16', 726, 373, '2025-06-09 12:22:45', '2024-11-08 12:22:45', 956, '值16');
INSERT INTO `dwd_sungrow.dwd_sn_dev_sim_d` (`sn_status`, `sim_no`, `sim_iccid`, `sim_type`, `wifi_type`, `effect_date`, `failure_date`, `sim_status`, `pt`) VALUES (569, '值17', '值17', 172, 422, '2025-05-23 12:22:45', '2025-05-23 12:22:45', 434, '值17');
INSERT INTO `dwd_sungrow.dwd_sn_dev_sim_d` (`sn_status`, `sim_no`, `sim_iccid`, `sim_type`, `wifi_type`, `effect_date`, `failure_date`, `sim_status`, `pt`) VALUES (373, '值18', '值18', 735, 979, '2025-05-09 12:22:45', '2024-11-02 12:22:45', 577, '值18');
INSERT INTO `dwd_sungrow.dwd_sn_dev_sim_d` (`sn_status`, `sim_no`, `sim_iccid`, `sim_type`, `wifi_type`, `effect_date`, `failure_date`, `sim_status`, `pt`) VALUES (841, '值19', '值19', 140, 204, '2024-09-27 12:22:45', '2025-03-21 12:22:45', 631, '值19');
INSERT INTO `dwd_sungrow.dwd_sn_dev_sim_d` (`sn_status`, `sim_no`, `sim_iccid`, `sim_type`, `wifi_type`, `effect_date`, `failure_date`, `sim_status`, `pt`) VALUES (258, '值20', '值20', 131, 564, '2025-06-26 12:22:45', '2024-09-10 12:22:45', 560, '值20');
