-- 选择数据库
USE dwd_sungrow;

-- 插入电站设备数据
INSERT INTO dwd_pub_ps_dev_power_station_d VALUES 
(1001, '北京大兴光伏电站', '北京市大兴区', 116.34, 39.73, 1, 1, '2023-03-15 10:30:00', 1, 0, '中国', '北京市', '北京市', '大兴区', 101, 'SG110CX', 1, '逆变器', 'INV-001', 0, '2023-03-15 10:30:00', 1001, 'SN001001', 'COM001', 'WiNet-S', 110000.00, '地面', 50, 20, 15, 85, 'owner001', '张三', '中国大区', 'V1.2.3', 'V2.1.0', '', '', '', '', '1', '2024-01-15 09:00:00', '2024-01-15'),
(1002, '上海浦东分布式电站', '上海市浦东新区', 121.50, 31.24, 1, 3, '2023-05-20 14:20:00', 1, 0, '中国', '上海市', '上海市', '浦东新区', 102, 'SG50CX', 1, '逆变器', 'INV-002', 0, '2023-05-20 14:20:00', 1002, 'SN001002', 'COM002', 'WiNet-S', 50000.00, '地面', 30, 15, 10, 55, 'owner002', '李四', '中国大区', 'V1.2.3', 'V2.1.0', '', '', '', '', '1', '2024-01-15 09:00:00', '2024-01-15'),
(1003, '广州户用光伏系统', '广东省广州市天河区', 113.33, 23.13, 1, 4, '2023-07-10 16:45:00', 4, 0, '中国', '广东省', '广州市', '天河区', 103, 'SG8KTL-M', 1, '逆变器', 'INV-003', 0, '2023-07-10 16:45:00', 1003, 'SN001003', 'COM003', 'WiNet-S', 8000.00, '户用', 25, 12, 8, 45, 'owner003', '王五', '中国大区', 'V1.2.3', 'V2.1.0', '', '', '', '', '1', '2024-01-15 09:00:00', '2024-01-15'),
(1004, '深圳储能电站', '广东省深圳市南山区', 113.93, 22.53, 1, 5, '2023-09-25 11:15:00', 1, 0, '中国', '广东省', '深圳市', '南山区', 104, 'SG250HX', 14, '储能逆变器', 'ESS-001', 0, '2023-09-25 11:15:00', 1004, 'SN001004', 'COM004', 'WiNet-S', 250000.00, '储能', 60, 25, 20, 105, 'owner004', '赵六', '中国大区', 'V1.2.3', 'V2.1.0', '', '', '', '', '1', '2024-01-15 09:00:00', '2024-01-15'),
(1005, '杭州工商业电站', '浙江省杭州市西湖区', 120.15, 30.28, 1, 12, '2023-11-08 13:30:00', 1, 0, '中国', '浙江省', '杭州市', '西湖区', 105, 'SG125HV', 1, '逆变器', 'INV-005', 0, '2023-11-08 13:30:00', 1005, 'SN001005', 'COM005', 'WiNet-S', 125000.00, '地面', 45, 18, 12, 75, 'owner005', '孙七', '中国大区', 'V1.2.3', 'V2.1.0', '', '', '', '', '1', '2024-01-15 09:00:00', '2024-01-15'),
(1006, '成都分布式电站', '四川省成都市锦江区', 104.07, 30.67, 1, 3, '2023-12-12 15:45:00', 1, 0, '中国', '四川省', '成都市', '锦江区', 106, 'SG80CX', 1, '逆变器', 'INV-006', 0, '2023-12-12 15:45:00', 1006, 'SN001006', 'COM006', 'WiNet-S', 80000.00, '地面', 35, 16, 11, 62, 'owner006', '周八', '中国大区', 'V1.2.3', 'V2.1.0', '', '', '', '', '1', '2024-01-15 09:00:00', '2024-01-15'),
(1007, '西安户用电站', '陕西省西安市雁塔区', 108.94, 34.26, 1, 4, '2024-01-20 09:20:00', 4, 0, '中国', '陕西省', '西安市', '雁塔区', 107, 'SG10KTL-M', 1, '逆变器', 'INV-007', 0, '2024-01-20 09:20:00', 1007, 'SN001007', 'COM007', 'WiNet-S', 10000.00, '户用', 28, 13, 9, 50, 'owner007', '吴九', '中国大区', 'V1.2.3', 'V2.1.0', '', '', '', '', '1', '2024-01-15 09:00:00', '2024-01-15'),
(1008, '南京工业园电站', '江苏省南京市江宁区', 118.78, 32.04, 1, 1, '2024-02-15 14:10:00', 1, 0, '中国', '江苏省', '南京市', '江宁区', 108, 'SG200HX', 1, '逆变器', 'INV-008', 0, '2024-02-15 14:10:00', 1008, 'SN001008', 'COM008', 'WiNet-S', 200000.00, '地面', 55, 22, 18, 95, 'owner008', '郑十', '中国大区', 'V1.2.3', 'V2.1.0', '', '', '', '', '1', '2024-01-15 09:00:00', '2024-01-15'),
(1009, '青岛海上风电', '山东省青岛市黄岛区', 120.33, 35.97, 1, 9, '2024-03-10 11:30:00', 1, 0, '中国', '山东省', '青岛市', '黄岛区', 109, 'SG3400-MV', 1, '逆变器', 'INV-009', 0, '2024-03-10 11:30:00', 1009, 'SN001009', 'COM009', 'WiNet-S', 3400000.00, '地面', 80, 35, 25, 140, 'owner009', '王十一', '中国大区', 'V1.2.3', 'V2.1.0', '', '', '', '', '1', '2024-01-15 09:00:00', '2024-01-15'),
(1010, '厦门屋顶电站', '福建省厦门市思明区', 118.11, 24.49, 1, 4, '2024-04-05 16:15:00', 4, 0, '中国', '福建省', '厦门市', '思明区', 110, 'SG12KTL-M', 1, '逆变器', 'INV-010', 0, '2024-04-05 16:15:00', 1010, 'SN001010', 'COM010', 'WiNet-S', 12000.00, '户用', 30, 14, 10, 54, 'owner010', '李十二', '中国大区', 'V1.2.3', 'V2.1.0', '', '', '', '', '1', '2024-01-15 09:00:00', '2024-01-15'),
(1011, '天津滨海电站', '天津市滨海新区', 117.19, 39.02, 1, 1, '2024-05-12 08:45:00', 1, 0, '中国', '天津市', '天津市', '滨海新区', 111, 'SG150CX', 1, '逆变器', 'INV-011', 0, '2024-05-12 08:45:00', 1011, 'SN001011', 'COM011', 'WiNet-S', 150000.00, '地面', 52, 21, 16, 89, 'owner011', '陈十三', '中国大区', 'V1.2.3', 'V2.1.0', '', '', '', '', '1', '2024-01-15 09:00:00', '2024-01-15'),
(1012, '重庆山地电站', '重庆市渝北区', 106.55, 29.56, 1, 1, '2024-06-18 13:20:00', 1, 0, '中国', '重庆市', '重庆市', '渝北区', 112, 'SG100CX', 1, '逆变器', 'INV-012', 0, '2024-06-18 13:20:00', 1012, 'SN001012', 'COM012', 'WiNet-S', 100000.00, '地面', 42, 17, 13, 72, 'owner012', '刘十四', '中国大区', 'V1.2.3', 'V2.1.0', '', '', '', '', '1', '2024-01-15 09:00:00', '2024-01-15'),
(1013, '武汉光谷电站', '湖北省武汉市东湖区', 114.31, 30.59, 1, 3, '2024-07-25 11:10:00', 1, 0, '中国', '湖北省', '武汉市', '东湖区', 113, 'SG75CX', 1, '逆变器', 'INV-013', 0, '2024-07-25 11:10:00', 1013, 'SN001013', 'COM013', 'WiNet-S', 75000.00, '地面', 38, 15, 12, 65, 'owner013', '黄十五', '中国大区', 'V1.2.3', 'V2.1.0', '', '', '', '', '1', '2024-01-15 09:00:00', '2024-01-15'),
(1014, '长沙工业园电站', '湖南省长沙市岳麓区', 112.94, 28.23, 1, 12, '2024-08-30 15:35:00', 1, 0, '中国', '湖南省', '长沙市', '岳麓区', 114, 'SG180HV', 1, '逆变器', 'INV-014', 0, '2024-08-30 15:35:00', 1014, 'SN001014', 'COM014', 'WiNet-S', 180000.00, '地面', 58, 23, 19, 100, 'owner014', '林十六', '中国大区', 'V1.2.3', 'V2.1.0', '', '', '', '', '1', '2024-01-15 09:00:00', '2024-01-15'),
(1015, '郑州户用电站', '河南省郑州市金水区', 113.66, 34.76, 1, 4, '2024-09-15 12:25:00', 4, 0, '中国', '河南省', '郑州市', '金水区', 115, 'SG15KTL-M', 1, '逆变器', 'INV-015', 0, '2024-09-15 12:25:00', 1015, 'SN001015', 'COM015', 'WiNet-S', 15000.00, '户用', 32, 15, 11, 58, 'owner015', '何十七', '中国大区', 'V1.2.3', 'V2.1.0', '', '', '', '', '1', '2024-01-15 09:00:00', '2024-01-15'),
(1016, '石家庄分布式电站', '河北省石家庄市长安区', 114.48, 38.03, 1, 3, '2024-10-20 09:50:00', 1, 0, '中国', '河北省', '石家庄市', '长安区', 116, 'SG60CX', 1, '逆变器', 'INV-016', 0, '2024-10-20 09:50:00', 1016, 'SN001016', 'COM016', 'WiNet-S', 60000.00, '地面', 33, 14, 10, 57, 'owner016', '罗十八', '中国大区', 'V1.2.3', 'V2.1.0', '', '', '', '', '1', '2024-01-15 09:00:00', '2024-01-15'),
(1017, '太原煤改电站', '山西省太原市小店区', 112.55, 37.87, 1, 5, '2024-11-12 14:15:00', 1, 0, '中国', '山西省', '太原市', '小店区', 117, 'SG300HX', 14, '储能逆变器', 'ESS-017', 0, '2024-11-12 14:15:00', 1017, 'SN001017', 'COM017', 'WiNet-S', 300000.00, '储能', 65, 28, 22, 115, 'owner017', '宋十九', '中国大区', 'V1.2.3', 'V2.1.0', '', '', '', '', '1', '2024-01-15 09:00:00', '2024-01-15'),
(1018, '沈阳工业电站', '辽宁省沈阳市和平区', 123.43, 41.80, 1, 1, '2024-12-05 10:40:00', 1, 0, '中国', '辽宁省', '沈阳市', '和平区', 118, 'SG220HV', 1, '逆变器', 'INV-018', 0, '2024-12-05 10:40:00', 1018, 'SN001018', 'COM018', 'WiNet-S', 220000.00, '地面', 60, 25, 20, 105, 'owner018', '唐二十', '中国大区', 'V1.2.3', 'V2.1.0', '', '', '', '', '1', '2024-01-15 09:00:00', '2024-01-15'),
(1019, '哈尔滨雪地电站', '黑龙江省哈尔滨市南岗区', 126.63, 45.75, 1, 1, '2025-01-08 16:30:00', 1, 0, '中国', '黑龙江省', '哈尔滨市', '南岗区', 119, 'SG90CX', 1, '逆变器', 'INV-019', 0, '2025-01-08 16:30:00', 1019, 'SN001019', 'COM019', 'WiNet-S', 90000.00, '地面', 40, 16, 12, 68, 'owner019', '韩二一', '中国大区', 'V1.2.3', 'V2.1.0', '', '', '', '', '1', '2024-01-15 09:00:00', '2024-01-15'),
(1020, '长春汽车城电站', '吉林省长春市朝阳区', 125.35, 43.88, 1, 12, '2025-02-14 11:55:00', 1, 0, '中国', '吉林省', '长春市', '朝阳区', 120, 'SG160HV', 1, '逆变器', 'INV-020', 0, '2025-02-14 11:55:00', 1020, 'SN001020', 'COM020', 'WiNet-S', 160000.00, '地面', 54, 22, 17, 93, 'owner020', '冯二二', '中国大区', 'V1.2.3', 'V2.1.0', '', '', '', '', '1', '2024-01-15 09:00:00', '2024-01-15');

-- 插入用户组织数据
INSERT INTO dwd_pub_user_org_d VALUES 
('owner001', '张三', '业主', '2023-01-10 09:00:00', 1, '2023-01-15 08:30:00', '2024-01-14 17:45:00', '中国', '北京阳光能源有限公司', 1, '否', 156, 89, 67, '2024-01-15'),
('owner002', '李四', '业主', '2023-02-15 10:30:00', 1, '2023-02-20 09:15:00', '2024-01-14 16:20:00', '中国', '上海绿能科技公司', 1, '否', 203, 125, 78, '2024-01-15'),
('owner003', '王五', '业主', '2023-03-20 14:20:00', 1, '2023-03-25 10:45:00', '2024-01-14 19:30:00', '中国', '个人用户', 1, '是', 89, 34, 55, '2024-01-15'),
('owner004', '赵六', '业主', '2023-04-25 11:15:00', 1, '2023-04-30 09:30:00', '2024-01-14 18:10:00', '中国', '深圳储能科技公司', 1, '否', 267, 156, 111, '2024-01-15'),
('owner005', '孙七', '业主', '2023-05-30 16:45:00', 1, '2023-06-05 10:20:00', '2024-01-14 20:15:00', '中国', '杭州工商业集团', 1, '否', 178, 98, 80, '2024-01-15'),
('owner006', '周八', '业主', '2023-06-15 13:25:00', 1, '2023-06-20 11:40:00', '2024-01-14 15:50:00', '中国', '成都新能源公司', 1, '否', 145, 82, 63, '2024-01-15'),
('owner007', '吴九', '业主', '2023-07-08 10:15:00', 1, '2023-07-12 09:25:00', '2024-01-14 18:35:00', '中国', '个人用户', 1, '是', 67, 28, 39, '2024-01-15'),
('owner008', '郑十', '业主', '2023-08-20 14:50:00', 1, '2023-08-25 12:10:00', '2024-01-14 19:20:00', '中国', '南京工业园区', 1, '否', 234, 145, 89, '2024-01-15'),
('owner009', '王十一', '业主', '2023-09-12 11:30:00', 1, '2023-09-18 08:45:00', '2024-01-14 16:40:00', '中国', '青岛海洋能源', 1, '否', 189, 112, 77, '2024-01-15'),
('owner010', '李十二', '业主', '2023-10-05 15:20:00', 1, '2023-10-10 13:15:00', '2024-01-14 17:55:00', '中国', '个人用户', 1, '是', 78, 35, 43, '2024-01-15'),
('owner011', '陈十三', '业主', '2023-11-12 09:40:00', 1, '2023-11-18 10:25:00', '2024-01-14 16:15:00', '中国', '天津滨海能源', 1, '否', 123, 67, 56, '2024-01-15'),
('owner012', '刘十四', '业主', '2023-12-08 14:30:00', 1, '2023-12-15 11:50:00', '2024-01-14 18:25:00', '中国', '重庆山城电力', 1, '否', 156, 89, 67, '2024-01-15'),
('owner013', '黄十五', '业主', '2024-01-15 13:45:00', 1, '2024-01-20 12:30:00', '2024-01-14 19:40:00', '中国', '武汉光谷科技', 1, '否', 134, 78, 56, '2024-01-15'),
('owner014', '林十六', '业主', '2024-02-20 16:20:00', 1, '2024-02-25 15:10:00', '2024-01-14 17:25:00', '中国', '长沙工业集团', 1, '否', 189, 112, 77, '2024-01-15'),
('owner015', '何十七', '业主', '2024-03-18 11:35:00', 1, '2024-03-25 10:20:00', '2024-01-14 18:50:00', '中国', '个人用户', 1, '是', 67, 28, 39, '2024-01-15'),
('owner016', '罗十八', '业主', '2024-04-22 14:15:00', 1, '2024-04-28 13:40:00', '2024-01-14 16:35:00', '中国', '石家庄新能源', 1, '否', 145, 82, 63, '2024-01-15'),
('owner017', '宋十九', '业主', '2024-05-30 09:25:00', 1, '2024-06-05 08:15:00', '2024-01-14 19:15:00', '中国', '太原储能科技', 1, '否', 178, 98, 80, '2024-01-15'),
('owner018', '唐二十', '业主', '2024-06-15 12:50:00', 1, '2024-06-20 11:35:00', '2024-01-14 17:40:00', '中国', '沈阳工业电力', 1, '否', 203, 125, 78, '2024-01-15'),
('owner019', '韩二一', '业主', '2024-07-25 15:40:00', 1, '2024-07-30 14:25:00', '2024-01-14 18:55:00', '中国', '哈尔滨雪域能源', 1, '否', 123, 67, 56, '2024-01-15'),
('owner020', '冯二二', '业主', '2024-08-12 10:15:00', 1, '2024-08-18 09:30:00', '2024-01-14 16:45:00', '中国', '长春汽车城电力', 1, '否', 167, 89, 78, '2024-01-15'),
('installer001', '安装商A', '安装商', '2023-01-05 08:00:00', 1, '2023-01-08 07:30:00', '2024-01-14 18:15:00', '中国', '华南安装服务公司', 1, '否', 445, 267, 178, '2024-01-15'),
('installer002', '安装商B', '安装商', '2023-01-12 09:30:00', 1, '2023-01-15 08:45:00', '2024-01-14 17:00:00', '中国', '华东安装服务公司', 1, '否', 332, 198, 134, '2024-01-15'),
('installer003', '安装商C', '安装商', '2023-02-08 13:20:00', 1, '2023-02-12 09:00:00', '2024-01-14 19:45:00', '中国', '华北安装服务公司', 1, '否', 289, 167, 122, '2024-01-15'),
('installer004', '安装商D', '安装商', '2023-03-15 10:45:00', 1, '2023-03-20 11:30:00', '2024-01-14 16:25:00', '中国', '西南安装服务公司', 1, '否', 256, 145, 111, '2024-01-15'),
('installer005', '安装商E', '安装商', '2023-04-22 14:10:00', 1, '2023-04-28 12:50:00', '2024-01-14 18:40:00', '中国', '华中安装服务公司', 1, '否', 198, 123, 75, '2024-01-15'),
('installer006', '安装商F', '安装商', '2023-05-18 11:25:00', 1, '2023-05-25 10:40:00', '2024-01-14 17:30:00', '中国', '东北安装服务公司', 1, '否', 234, 145, 89, '2024-01-15'),
('installer007', '安装商G', '安装商', '2023-06-20 15:35:00', 1, '2023-06-28 14:20:00', '2024-01-14 19:25:00', '中国', '西北安装服务公司', 1, '否', 278, 165, 113, '2024-01-15'),
('installer008', '安装商H', '安装商', '2023-07-15 12:40:00', 1, '2023-07-22 11:55:00', '2024-01-14 16:50:00', '中国', '京津冀安装服务', 1, '否', 312, 189, 123, '2024-01-15'),
('installer009', '安装商I', '安装商', '2023-08-25 09:15:00', 1, '2023-08-30 08:30:00', '2024-01-14 18:35:00', '中国', '长三角安装服务', 1, '否', 267, 156, 111, '2024-01-15'),
('installer010', '安装商J', '安装商', '2023-09-30 16:50:00', 1, '2023-10-05 15:45:00', '2024-01-14 17:15:00', '中国', '珠三角安装服务', 1, '否', 245, 134, 111, '2024-01-15');

-- 插入组织关系数据
INSERT INTO dwd_org_sys_org_all_sub_org_d VALUES 
(1001, 1001, '2024-01-15'),
(1001, 1002, '2024-01-15'),
(1002, 1002, '2024-01-15'),
(1003, 1003, '2024-01-15'),
(2001, 2001, '2024-01-15'),
(2001, 2002, '2024-01-15'),
(2002, 2002, '2024-01-15'),
(3001, 3001, '2024-01-15'),
(3001, 3002, '2024-01-15'),
(3002, 3002, '2024-01-15'),
(4001, 4001, '2024-01-15'),
(4001, 4002, '2024-01-15'),
(4002, 4002, '2024-01-15'),
(5001, 5001, '2024-01-15'),
(5001, 5002, '2024-01-15'),
(5002, 5002, '2024-01-15'),
(6001, 6001, '2024-01-15'),
(6001, 6002, '2024-01-15'),
(6002, 6002, '2024-01-15'),
(7001, 7001, '2024-01-15');

-- 插入电站组织关系数据
INSERT INTO dwd_ps_power_station_org_d VALUES 
(1001, '2024-01-15'),
(1002, '2024-01-15'),
(1003, '2024-01-15'),
(1004, '2024-01-15'),
(1005, '2024-01-15'),
(1006, '2024-01-15'),
(1007, '2024-01-15'),
(1008, '2024-01-15'),
(1009, '2024-01-15'),
(1010, '2024-01-15'),
(1011, '2024-01-15'),
(1012, '2024-01-15'),
(1013, '2024-01-15'),
(1014, '2024-01-15'),
(1015, '2024-01-15'),
(1016, '2024-01-15'),
(1017, '2024-01-15'),
(1018, '2024-01-15'),
(1019, '2024-01-15'),
(1020, '2024-01-15'),
(2001, '2024-01-15'),
(2002, '2024-01-15'),
(3001, '2024-01-15'),
(3002, '2024-01-15');

-- 插入SIM卡数据
INSERT INTO dwd_sn_dev_sim_d VALUES 
(1, '13800138001', 'ICCID8986011234567890123', 1, 2, '2023-03-15 00:00:00', '2024-03-15 00:00:00', 1, '2024-01-15'),
(1, '13800138002', 'ICCID8986011234567890124', 2, 2, '2023-05-20 00:00:00', '2024-05-20 00:00:00', 1, '2024-01-15'),
(1, '13800138003', 'ICCID8986011234567890125', 3, 2, '2023-07-10 00:00:00', '2024-07-10 00:00:00', 1, '2024-01-15'),
(1, '13800138004', 'ICCID8986011234567890126', 1, 2, '2023-09-25 00:00:00', '2024-09-25 00:00:00', 1, '2024-01-15'),
(1, '13800138005', 'ICCID8986011234567890127', 2, 2, '2023-11-08 00:00:00', '2024-11-08 00:00:00', 1, '2024-01-15'),
(1, '13800138006', 'ICCID8986011234567890128', 3, 2, '2023-12-12 00:00:00', '2024-12-12 00:00:00', 1, '2024-01-15'),
(1, '13800138007', 'ICCID8986011234567890129', 1, 2, '2024-01-20 00:00:00', '2025-01-20 00:00:00', 1, '2024-01-15'),
(1, '13800138008', 'ICCID8986011234567890130', 2, 2, '2024-02-15 00:00:00', '2025-02-15 00:00:00', 1, '2024-01-15'),
(1, '13800138009', 'ICCID8986011234567890131', 3, 2, '2024-03-10 00:00:00', '2025-03-10 00:00:00', 1, '2024-01-15'),
(1, '13800138010', 'ICCID8986011234567890132', 1, 2, '2024-04-05 00:00:00', '2025-04-05 00:00:00', 1, '2024-01-15'),
(1, '13800138011', 'ICCID8986011234567890133', 2, 2, '2024-05-12 00:00:00', '2025-05-12 00:00:00', 1, '2024-01-15'),
(1, '13800138012', 'ICCID8986011234567890134', 3, 2, '2024-06-18 00:00:00', '2025-06-18 00:00:00', 1, '2024-01-15'),
(1, '13800138013', 'ICCID8986011234567890135', 1, 2, '2024-07-25 00:00:00', '2025-07-25 00:00:00', 1, '2024-01-15'),
(1, '13800138014', 'ICCID8986011234567890136', 2, 2, '2024-08-30 00:00:00', '2025-08-30 00:00:00', 1, '2024-01-15'),
(1, '13800138015', 'ICCID8986011234567890137', 3, 2, '2024-09-15 00:00:00', '2025-09-15 00:00:00', 1, '2024-01-15'),
(1, '13800138016', 'ICCID8986011234567890138', 1, 2, '2024-10-20 00:00:00', '2025-10-20 00:00:00', 1, '2024-01-15'),
(1, '13800138017', 'ICCID8986011234567890139', 2, 2, '2024-11-12 00:00:00', '2025-11-12 00:00:00', 1, '2024-01-15'),
(1, '13800138018', 'ICCID8986011234567890140', 3, 2, '2024-12-05 00:00:00', '2025-12-05 00:00:00', 1, '2024-01-15'),
(1, '13800138019', 'ICCID8986011234567890141', 1, 2, '2025-01-08 00:00:00', '2026-01-08 00:00:00', 1, '2024-01-15'),
(1, '13800138020', 'ICCID8986011234567890142', 2, 2, '2025-02-14 00:00:00', '2026-02-14 00:00:00', 1, '2024-01-15');